City_ID,City,Country,Lat,Lng,Max Temp,Humidity,Cloudiness,Wind Speed,Current Description
0,Sao Jose Dos Campos,BR,-23.1794,-45.8869,64.22,82,100,7.09,overcast clouds
1,Cabo San Lucas,MX,22.8909,-109.9124,86.18,74,16,13.89,few clouds
2,Nsoko,SZ,-27.0333,31.95,59.04,62,0,3.65,clear sky
3,Sao Jose Da Coroa Grande,BR,-8.8978,-35.1478,79.12,76,25,6.58,scattered clouds
4,Busselton,AU,-33.65,115.3333,59.18,70,86,20.4,light rain
5,Saskylakh,RU,71.9167,114.0833,38.8,95,100,16.67,light rain
6,Hermanus,ZA,-34.4187,19.2345,49.8,77,5,14.61,light rain
7,Yellowknife,CA,62.456,-114.3525,70.32,37,40,6.91,scattered clouds
8,Ayan,RU,56.45,138.1667,44.06,96,100,4.5,overcast clouds
9,High Level,CA,58.5169,-117.136,69.26,44,100,1.95,overcast clouds
10,Castro,BR,-24.7911,-50.0119,59.11,57,0,3.96,clear sky
11,Barrow,US,71.2906,-156.7887,30.22,93,100,4.61,mist
12,Rikitea,PF,-23.1203,-134.9692,73.35,67,0,7.02,clear sky
13,Alofi,NU,-19.0595,-169.9187,79.07,72,100,22.03,overcast clouds
14,San Quintin,MX,30.4833,-115.95,69.03,61,5,17.63,clear sky
15,Atuona,PF,-9.8,-139.0333,77.76,71,39,18.14,scattered clouds
16,Ushuaia,AR,-54.8,-68.3,29.86,86,40,18.41,shower snow
17,Kloulklubed,PW,7.0419,134.2556,73.9,70,10,5.77,clear sky
18,Katsuura,JP,35.1333,140.3,69.82,91,100,7.58,overcast clouds
19,Bambous Virieux,MU,-20.3428,57.7575,69.22,78,13,4.92,few clouds
20,Torbay,CA,47.6666,-52.7314,61.88,71,100,18.68,overcast clouds
21,Mataura,NZ,-46.1927,168.8643,45.48,97,100,4.0,overcast clouds
22,Evensk,RU,61.95,159.2333,46.31,91,94,3.94,overcast clouds
23,Cape Town,ZA,-33.9258,18.4232,56.88,81,1,3.0,light rain
24,Vaini,TO,-21.2,-175.2,75.92,83,100,21.47,overcast clouds
25,Avarua,CK,-21.2078,-159.775,75.25,64,75,8.05,broken clouds
26,Jalu,LY,29.0331,21.5482,86.18,21,0,10.02,clear sky
27,Okhotsk,RU,59.3833,143.3,43.65,92,100,7.9,overcast clouds
28,Dikson,RU,73.5069,80.5464,29.55,93,17,11.25,few clouds
29,Belyy Yar,RU,53.6039,91.3903,55.85,82,0,6.71,clear sky
30,Bengkulu,ID,-3.8004,102.2655,75.51,90,63,3.09,broken clouds
31,San Vicente,AR,-26.6167,-54.1333,55.96,38,0,2.95,clear sky
32,Touros,BR,-5.1989,-35.4608,80.89,69,67,12.03,broken clouds
33,Puerto Escondido,MX,15.85,-97.0667,86.45,63,100,8.79,overcast clouds
34,Chabahar,IR,25.2919,60.643,83.37,87,10,4.05,clear sky
35,Constitucion,CL,-35.3333,-72.4167,55.87,56,100,9.64,overcast clouds
36,Yulara,AU,-25.2406,130.9889,59.29,36,100,7.43,overcast clouds
37,Aklavik,CA,68.2191,-135.0107,63.79,46,63,9.42,broken clouds
38,Albany,US,42.6001,-73.9662,60.3,62,91,3.0,overcast clouds
39,Kapaa,US,22.0752,-159.319,79.48,78,42,5.99,scattered clouds
40,Yumen,CN,40.2833,97.2,70.95,32,100,10.45,overcast clouds
41,Bredasdorp,ZA,-34.5322,20.0403,52.3,79,1,10.89,clear sky
42,Ponta Delgada,PT,37.7333,-25.6667,66.92,72,40,19.57,scattered clouds
43,Bluff,NZ,-46.6,168.3333,45.81,83,100,12.41,overcast clouds
44,Hobart,AU,-42.8794,147.3294,48.27,96,100,1.14,overcast clouds
45,Sao Filipe,CV,14.8961,-24.4956,75.0,81,95,17.85,overcast clouds
46,Saldanha,ZA,-33.0117,17.9442,57.51,69,12,9.42,few clouds
47,Atasu,KZ,48.6814,71.6433,67.12,50,31,3.65,scattered clouds
48,East London,ZA,-33.0153,27.9116,65.37,70,100,12.5,overcast clouds
49,Qaanaaq,GL,77.484,-69.3632,39.25,71,91,3.44,overcast clouds
50,Nhulunbuy,AU,-12.2333,136.7667,75.81,88,99,6.91,overcast clouds
51,Srikakulam,IN,18.3,83.9,83.75,81,100,10.69,overcast clouds
52,Piacabucu,BR,-10.4056,-36.4344,78.37,81,10,5.82,clear sky
53,Punta Arenas,CL,-53.15,-70.9167,35.71,60,0,12.66,clear sky
54,Nishihara,JP,26.1842,127.7558,80.26,100,100,9.22,overcast clouds
55,Hobyo,SO,5.3505,48.5268,79.36,74,91,27.78,overcast clouds
56,Kodiak,US,57.79,-152.4072,53.11,71,100,4.61,overcast clouds
57,Chokurdakh,RU,70.6333,147.9167,44.2,58,100,10.6,overcast clouds
58,Iqaluit,CA,63.7506,-68.5145,40.62,53,5,2.59,clear sky
59,Tasiilaq,GL,65.6145,-37.6368,44.76,86,84,5.03,broken clouds
60,Ishigaki,JP,24.3448,124.1572,83.17,83,100,15.1,overcast clouds
61,Ilulissat,GL,69.2167,-51.1,35.62,87,75,13.8,broken clouds
62,Ourossogui,SN,15.6064,-13.3211,93.79,41,100,12.64,light rain
63,Erdemli,TR,36.605,34.3084,81.64,63,0,6.38,clear sky
64,Klaksvik,FO,62.2266,-6.589,49.12,95,100,34.43,light rain
65,Georgetown,MY,5.4112,100.3354,79.9,96,40,2.3,scattered clouds
66,Port Elizabeth,ZA,-33.918,25.5701,59.09,92,100,1.99,moderate rain
67,Tuktoyaktuk,CA,69.4541,-133.0374,40.33,83,100,6.85,overcast clouds
68,Khatanga,RU,71.9667,102.5,38.41,80,100,17.98,overcast clouds
69,Olafsvik,IS,64.8945,-23.7142,49.24,70,100,11.9,overcast clouds
70,Pevek,RU,69.7008,170.3133,34.48,84,100,3.94,overcast clouds
71,Luderitz,NA,-26.6481,15.1594,59.05,85,7,9.69,clear sky
72,Bairiki,KI,1.3292,172.9752,80.89,73,18,12.01,few clouds
73,Comodoro Rivadavia,AR,-45.8667,-67.5,41.41,73,100,8.79,overcast clouds
74,Felipe Carrillo Puerto,MX,19.5833,-88.05,82.69,83,100,6.62,overcast clouds
75,Praia Da Vitoria,PT,38.7333,-27.0667,70.75,71,10,15.7,clear sky
76,Kavieng,PG,-2.5744,150.7967,81.37,72,72,10.42,broken clouds
77,Nikolskoye,RU,59.7035,30.7861,57.79,98,100,7.4,light rain
78,Sitka,US,57.0531,-135.33,55.26,73,100,5.84,overcast clouds
79,Akyab,MM,20.15,92.9,80.08,83,100,5.61,light rain
80,Port Alfred,ZA,-33.5906,26.891,62.06,72,100,13.27,overcast clouds
81,Taltal,CL,-25.4,-70.4833,61.2,77,94,4.21,overcast clouds
82,Esperance,AU,-33.8667,121.9,55.0,72,42,23.26,scattered clouds
83,Sovetskiy,RU,61.3614,63.5842,61.92,86,100,2.71,light rain
84,Hambantota,LK,6.1241,81.1185,79.14,100,40,3.44,scattered clouds
85,Sinnamary,GF,5.3833,-52.95,81.66,76,27,8.9,scattered clouds
86,Thompson,CA,55.7435,-97.8558,78.42,21,100,15.19,overcast clouds
87,Baykit,RU,61.67,96.37,54.37,96,79,2.62,broken clouds
88,Alice Springs,AU,-23.7,133.8833,53.15,54,100,5.75,overcast clouds
89,Guiyang,CN,26.5833,106.7167,70.29,100,100,4.47,mist
90,Mehamn,NO,71.0357,27.8492,42.75,87,100,11.5,overcast clouds
91,Coquimbo,CL,-29.9533,-71.3436,61.27,60,31,3.91,scattered clouds
92,College,US,64.8569,-147.8028,69.48,58,64,1.01,broken clouds
93,San Patricio,US,28.017,-97.5169,91.49,40,7,16.91,clear sky
94,Guerrero Negro,MX,27.9769,-114.0611,73.09,57,0,13.53,clear sky
95,Ribeira Grande,PT,38.5167,-28.7,70.2,78,40,13.8,scattered clouds
96,Souillac,MU,-20.5167,57.5167,71.56,83,15,4.03,few clouds
97,Saint Anthony,US,45.0205,-93.218,82.63,43,20,21.85,few clouds
98,Mahebourg,MU,-20.4081,57.7,69.26,79,13,4.63,few clouds
99,Ulety,RU,51.3572,112.4849,61.48,86,100,4.52,moderate rain
100,Yarada,IN,17.65,83.2667,84.69,80,100,13.2,overcast clouds
101,Turinsk,RU,58.0458,63.696,59.81,95,100,2.77,light rain
102,Tigil,RU,57.8,158.6667,45.64,89,100,6.87,overcast clouds
103,Jining,CN,35.405,116.5814,83.84,45,0,5.1,clear sky
104,Quirinopolis,BR,-18.4483,-50.4517,75.52,59,100,3.2,overcast clouds
105,Talcahuano,CL,-36.7167,-73.1167,51.44,62,100,5.14,overcast clouds
106,Indaial,BR,-26.8978,-49.2317,66.94,57,0,3.94,clear sky
107,Jumla,NP,29.2747,82.1838,60.87,83,100,1.81,overcast clouds
108,Meulaboh,ID,4.1363,96.1285,74.44,90,95,3.78,overcast clouds
109,Ternovskaya,RU,45.8542,40.4086,68.34,52,19,1.81,few clouds
110,Jacareacanga,BR,-6.2222,-57.7528,83.19,65,100,1.23,overcast clouds
111,Mar Del Plata,AR,-38.0023,-57.5575,56.08,45,100,5.01,overcast clouds
112,Vardo,NO,70.3705,31.1107,40.98,87,100,5.75,light intensity drizzle
113,Griffith,US,41.5284,-87.4237,77.31,46,0,10.36,clear sky
114,La Asuncion,VE,11.0333,-63.8628,87.53,58,30,17.27,scattered clouds
115,Namatanai,PG,-3.6667,152.4333,77.88,81,10,5.06,clear sky
116,Puerto Ayora,EC,-0.7393,-90.3518,73.54,87,100,5.99,overcast clouds
117,Marathon,US,44.9,-89.7668,72.93,32,0,5.75,clear sky
118,Lompoc,US,34.6391,-120.4579,78.69,61,0,18.99,clear sky
119,Launceston,AU,-41.45,147.1667,42.44,100,49,8.05,scattered clouds
120,Port Hedland,AU,-20.3167,118.5667,66.25,82,75,0.0,light rain
121,Victor Harbor,AU,-35.5667,138.6167,52.68,62,100,11.34,moderate rain
122,Ziro,IN,27.6333,93.8333,57.43,100,100,0.6,overcast clouds
123,Aquiraz,BR,-3.9014,-38.3911,82.18,72,90,8.66,overcast clouds
124,Marienburg,PL,54.0359,19.0266,71.58,78,7,6.29,clear sky
125,Geraldton,AU,-28.7667,114.6,63.01,72,40,13.8,scattered clouds
126,Belle Fourche,US,44.6714,-103.8522,95.5,23,100,16.87,overcast clouds
127,Velsk,RU,61.0701,42.0983,50.31,91,100,3.42,overcast clouds
128,Sisimiut,GL,66.9395,-53.6735,36.0,80,69,4.43,broken clouds
129,Butaritari,KI,3.0707,172.7902,80.98,79,27,12.21,light rain
130,Norman Wells,CA,65.282,-126.8329,74.97,32,100,8.14,overcast clouds
131,Kapit,MY,2.0167,112.9333,71.98,99,51,0.87,broken clouds
132,Amazar,RU,53.858,120.875,56.53,71,100,1.5,overcast clouds
133,Jamestown,US,42.097,-79.2353,65.05,43,3,8.01,clear sky
134,Kanye,BW,-24.9667,25.3327,53.4,34,0,5.14,clear sky
135,Severo-Kurilsk,RU,50.6789,156.125,46.92,97,100,2.42,light rain
136,Longyearbyen,SJ,78.2186,15.6401,40.84,81,75,14.97,broken clouds
137,Qaqortoq,GL,60.7167,-46.0333,47.5,69,100,6.51,overcast clouds
138,Ponta Do Sol,PT,32.6667,-17.1,76.01,79,14,6.29,few clouds
139,Cherskiy,RU,68.75,161.3,41.22,74,86,4.76,overcast clouds
140,Pangkalanbuun,ID,-2.6833,111.6167,71.89,98,43,1.45,light rain
141,Catamarca,AR,-28.4696,-65.7852,71.58,27,55,7.0,broken clouds
142,Bonthe,SL,7.5264,-12.505,78.42,80,100,11.99,light rain
143,Waitati,NZ,-45.75,170.5667,45.81,75,100,8.41,overcast clouds
144,Magaria,NE,12.9983,8.9099,89.85,36,99,4.88,overcast clouds
145,Kolondieba,ML,11.0882,-6.8926,78.44,65,69,6.26,broken clouds
146,Shakawe,BW,-18.3667,21.85,61.02,36,0,4.45,clear sky
147,Tiarei,PF,-17.5333,-149.3333,80.62,78,14,18.54,light rain
148,Skagen,DK,57.7209,10.5839,55.89,68,92,29.48,overcast clouds
149,Codrington,AU,-38.2667,141.9667,43.48,92,22,9.62,few clouds
150,Pryazha,RU,61.6926,33.6216,50.47,80,100,4.81,overcast clouds
151,Newport,GB,51.5877,-2.9984,53.51,87,100,10.63,moderate rain
152,Airai,TL,-8.9266,125.4092,58.71,93,85,3.71,overcast clouds
153,Tilichiki,RU,60.4667,166.1,43.83,93,100,1.7,overcast clouds
154,Burgeo,CA,47.6167,-57.6152,52.92,98,100,15.59,overcast clouds
155,Lamesa,US,32.7376,-101.951,91.53,30,0,14.34,clear sky
156,Tiksi,RU,71.6872,128.8694,47.28,99,100,2.75,moderate rain
157,Blairmore,CA,49.6,-114.4353,65.52,38,2,7.63,clear sky
158,Tateyama,JP,34.9833,139.8667,69.73,88,75,2.3,mist
159,Kerteminde,DK,55.449,10.6577,61.54,76,98,12.55,overcast clouds
160,Viedma,AR,-40.8135,-62.9967,53.78,35,43,15.1,scattered clouds
161,Upernavik,GL,72.7868,-56.1549,33.42,92,99,25.23,overcast clouds
162,Khorixas,NA,-20.3667,14.9667,59.56,55,0,6.6,clear sky
163,Hay River,CA,60.8156,-115.7999,55.94,69,100,9.46,overcast clouds
164,Urucara,BR,-2.5364,-57.76,90.45,46,50,4.88,scattered clouds
165,Kutum,SD,14.2,24.6667,87.58,18,49,11.72,scattered clouds
166,Verkhoyansk,RU,67.5447,133.385,60.01,51,100,6.44,overcast clouds
167,Mandurah,AU,-32.55,115.7,60.91,73,71,22.24,broken clouds
168,Leningradskiy,RU,69.3833,178.4167,38.84,76,83,7.58,broken clouds
169,Meybod,IR,32.2501,54.0166,93.22,14,0,0.49,clear sky
170,Mount Gambier,AU,-37.8333,140.7667,43.84,87,100,8.16,overcast clouds
171,Nova Olimpia,BR,-14.7972,-57.2881,81.27,58,80,4.9,broken clouds
172,Palmer,US,42.1584,-72.3287,65.25,58,100,19.57,overcast clouds
173,Riyadh,SA,24.6877,46.7219,100.54,7,0,2.89,clear sky
174,Zhumadian,CN,32.9794,114.0294,79.36,64,100,3.67,overcast clouds
175,Vagur,FO,61.4732,-6.8119,47.03,87,28,34.61,scattered clouds
176,Tongchuan,CN,35.0806,109.0897,74.32,62,99,3.36,overcast clouds
177,The Valley,AI,18.217,-63.0578,87.66,58,20,11.5,few clouds
178,Adre,TD,13.4667,22.2,88.16,30,100,7.99,overcast clouds
179,Waddan,LY,29.1614,16.139,84.81,22,0,8.59,clear sky
180,Inirida,CO,3.8653,-67.9239,79.95,79,100,2.57,overcast clouds
181,New Norfolk,AU,-42.7826,147.0587,47.91,87,97,1.21,overcast clouds
182,Cheremukhovo,RU,60.3484,59.9851,56.55,90,100,2.91,overcast clouds
183,Yatou,CN,37.15,122.3833,68.4,95,44,6.17,scattered clouds
184,Samarai,PG,-10.6167,150.6667,80.22,80,36,4.5,scattered clouds
185,Los Llanos De Aridane,ES,28.6585,-17.9182,71.13,79,20,19.57,few clouds
186,Seropedica,BR,-22.7439,-43.7075,72.99,87,99,9.1,overcast clouds
187,Mayna,RU,54.1135,47.6231,56.34,90,100,5.75,overcast clouds
188,Hasaki,JP,35.7333,140.8333,66.6,93,100,9.73,overcast clouds
189,Minuri,PH,16.535,121.8574,74.16,90,61,2.04,broken clouds
190,Warrington,GB,53.3925,-2.5802,57.31,68,20,9.22,few clouds
191,Ada,US,43.4166,-116.1262,69.13,42,0,11.01,clear sky
192,Mwingi,KE,-0.9344,38.0601,67.6,68,58,11.23,broken clouds
193,Chara,RU,56.9064,118.2631,55.13,58,3,1.12,clear sky
194,Sibu,MY,2.3,111.8167,71.29,96,95,1.1,overcast clouds
195,Barguzin,RU,53.6167,109.6167,53.82,94,88,5.21,overcast clouds
196,Pishin,PK,30.5803,66.9961,77.85,27,0,5.39,clear sky
197,Caravelas,BR,-17.7125,-39.2481,76.8,66,0,8.52,clear sky
198,Twentynine Palms,US,34.1356,-116.0542,85.06,9,0,3.0,clear sky
199,Makakilo City,US,21.3469,-158.0858,82.72,60,0,18.41,clear sky
200,Santiago Del Estero,AR,-27.7951,-64.2615,68.94,16,99,17.92,overcast clouds
201,Somotillo,NI,13.0433,-86.9064,86.14,74,41,4.16,scattered clouds
202,Kirksville,US,40.1948,-92.5833,85.05,66,20,10.36,few clouds
203,Ahipara,NZ,-35.1667,173.1667,59.74,88,99,3.33,overcast clouds
204,Poum,NC,-20.2333,164.0167,75.06,80,100,3.83,moderate rain
205,Blagoyevo,RU,63.3667,47.9167,47.8,89,35,6.24,scattered clouds
206,Hilo,US,19.7297,-155.09,81.25,77,75,5.99,broken clouds
207,Punta De Bombon,PE,-17.1717,-71.7931,63.07,69,70,5.61,broken clouds
208,Port Hardy,CA,50.6996,-127.4199,54.55,84,100,2.68,overcast clouds
209,Singaparna,ID,-7.3515,108.111,70.34,94,73,1.61,broken clouds
210,Kenai,US,60.5544,-151.2583,62.02,56,100,10.36,overcast clouds
211,Taoudenni,ML,22.6783,-3.9836,95.0,22,100,10.89,overcast clouds
212,Monrovia,LR,6.3005,-10.7969,78.89,74,71,11.61,broken clouds
213,Abu Zabad,SD,12.35,29.25,92.39,18,11,3.11,few clouds
214,Skjervoy,NO,70.0311,20.9714,59.0,74,6,9.95,clear sky
215,Plunge,LT,55.9114,21.8442,61.39,78,84,10.78,broken clouds
216,Severodvinsk,RU,64.5635,39.8302,48.31,83,99,2.82,overcast clouds
217,Chuy,UY,-33.6971,-53.4616,53.38,41,0,11.41,clear sky
218,Port Macquarie,AU,-31.4333,152.9167,59.02,83,93,9.89,overcast clouds
219,Kodinsk,RU,58.6881,99.1844,56.37,90,100,3.71,overcast clouds
220,Guabito,PA,9.5,-82.6167,84.74,70,83,6.38,broken clouds
221,Dunedin,NZ,-45.8742,170.5036,45.81,75,100,11.99,overcast clouds
222,Kisangani,CD,0.5167,25.2,69.1,99,100,2.28,overcast clouds
223,Ilebo,CD,-4.3167,20.5833,76.19,58,100,1.9,overcast clouds
224,Pangody,RU,65.85,74.4859,62.15,54,100,10.54,overcast clouds
225,Meadow Lake,US,34.8014,-106.5436,86.7,48,19,5.66,few clouds
226,Braganca,BR,-1.0536,-46.7656,85.24,63,24,5.88,few clouds
227,Te Anau,NZ,-45.4167,167.7167,37.96,95,98,1.12,overcast clouds
228,Tyssedal,NO,60.1165,6.562,50.86,90,100,5.97,overcast clouds
229,Buraydah,SA,26.326,43.975,94.8,9,0,11.36,clear sky
230,Kabanjahe,ID,3.1001,98.4908,62.37,97,100,1.61,overcast clouds
231,Sao Gabriel Da Cachoeira,BR,-0.1303,-67.0892,83.57,72,50,3.47,scattered clouds
232,Awjilah,LY,29.1081,21.2869,84.22,28,0,16.37,clear sky
233,Lata,PT,40.1629,-8.3327,63.7,78,98,6.26,overcast clouds
234,Pali,IN,25.7667,73.3333,92.48,47,0,19.46,clear sky
235,Aykhal,RU,66.0,111.5,54.36,82,100,12.03,overcast clouds
236,Columbia,US,34.0007,-81.0348,95.0,41,20,9.22,few clouds
237,Lagoa,PT,39.05,-27.9833,64.47,85,98,17.67,overcast clouds
238,Paamiut,GL,61.994,-49.6678,42.67,82,100,15.77,overcast clouds
239,Malanje,AO,-9.5402,16.341,64.87,29,100,3.04,overcast clouds
240,Namibe,AO,-15.1961,12.1522,62.46,87,14,7.27,few clouds
241,Kirkwall,GB,58.9848,-2.9587,51.96,87,75,21.85,broken clouds
242,Hinganghat,IN,20.5667,78.8333,80.83,81,100,3.44,moderate rain
243,Santa Isabel,BR,-23.3156,-46.2214,62.31,92,100,6.06,overcast clouds
244,Nuristan,AF,35.3,70.8333,41.22,64,24,8.14,few clouds
245,Zimovniki,RU,47.1483,42.4633,68.27,47,53,3.8,broken clouds
246,Bilibino,RU,68.0546,166.4372,54.0,50,100,2.15,overcast clouds
247,Risod,IN,19.9667,76.7833,78.76,76,100,9.6,overcast clouds
248,Porbandar,IN,21.6422,69.6093,84.96,78,48,14.14,scattered clouds
249,Nuuk,GL,64.1835,-51.7216,39.76,94,100,13.73,light rain
250,Pisco,PE,-13.7,-76.2167,62.65,82,100,10.36,mist
251,Goderich,CA,43.7501,-81.7165,53.91,64,0,19.64,clear sky
252,Russell,US,32.3502,-85.1999,96.08,38,0,13.8,clear sky
253,Lebu,CL,-37.6167,-73.65,49.37,65,100,0.85,light rain
254,Dalvik,IS,65.9702,-18.5286,52.38,56,95,0.87,overcast clouds
255,Jiaojiang,CN,28.6803,121.4428,75.99,97,100,5.1,overcast clouds
256,Dongsheng,CN,39.8161,109.9776,74.05,20,92,9.53,overcast clouds
257,Lerum,SE,57.7745,12.2697,58.93,65,20,16.11,few clouds
258,Kashmor,PK,28.4333,69.5833,93.65,43,12,11.56,few clouds
259,Rawson,AR,-43.3002,-65.1023,50.58,45,100,14.54,overcast clouds
260,Tecpan,GT,14.7623,-90.9947,61.9,80,100,4.21,overcast clouds
261,Hithadhoo,MV,-0.6,73.0833,82.81,73,100,6.31,overcast clouds
262,Walvis Bay,NA,-22.9575,14.5053,57.09,87,0,14.99,clear sky
263,Padang,ID,-0.9492,100.3543,77.05,82,44,4.29,scattered clouds
264,Arraial Do Cabo,BR,-22.9661,-42.0278,73.26,83,75,12.66,broken clouds
265,Kherson,UA,46.6558,32.6178,67.75,63,100,8.19,overcast clouds
266,Saint-Philippe,RE,-21.3585,55.7679,67.59,81,71,8.9,broken clouds
267,Haflong,IN,25.1833,93.0333,70.81,99,100,4.76,overcast clouds
268,Ancud,CL,-41.8697,-73.8203,53.22,92,100,22.3,moderate rain
269,Gushikawa,JP,26.3544,127.8686,80.19,94,100,3.44,overcast clouds
270,Talnakh,RU,69.4865,88.3972,49.17,55,10,8.95,clear sky
271,Puksoozero,RU,62.5903,40.6066,46.06,93,79,3.53,broken clouds
272,Kruisfontein,ZA,-34.0033,24.7314,55.89,88,95,5.77,overcast clouds
273,Negara,ID,-8.3151,114.6025,76.84,88,100,7.05,overcast clouds
274,Stephenville,US,32.2207,-98.2023,96.93,30,40,11.5,scattered clouds
275,Port Blair,IN,11.6667,92.75,82.78,79,100,9.19,overcast clouds
276,Anito,PH,12.4497,125.2886,77.22,89,73,3.2,broken clouds
277,Dire,ML,12.2833,-10.9667,86.81,51,19,7.47,few clouds
278,Victoria,HK,22.2855,114.1577,84.38,85,100,11.01,overcast clouds
279,Kedougou,SN,12.5579,-12.1743,85.26,59,71,8.05,broken clouds
280,Celestun,MX,20.8667,-90.4,82.98,73,100,17.36,overcast clouds
281,Broken Hill,AU,-31.95,141.4333,48.58,73,100,7.0,overcast clouds
282,Kande,TG,9.9578,1.0447,74.28,88,94,0.76,overcast clouds
283,Cidreira,BR,-30.1811,-50.2056,53.78,57,2,13.24,clear sky
284,Maracacume,BR,-2.0428,-45.9592,83.82,65,100,2.24,overcast clouds
285,Mishkino,RU,55.3389,63.9175,62.06,94,100,2.48,light rain
286,Simpang,ID,-1.2667,104.0833,73.63,97,80,2.13,broken clouds
287,Qasigiannguit,GL,68.8193,-51.1922,35.85,88,67,6.64,broken clouds
288,Muros,ES,42.7762,-9.0603,67.08,79,100,2.68,overcast clouds
289,Duncan,US,34.5023,-97.9578,95.05,46,0,8.05,clear sky
290,Rutland,US,43.6167,-73.0162,56.21,77,100,16.11,overcast clouds
291,Beloha,MG,-25.1667,45.05,60.76,72,0,5.28,clear sky
292,Gigmoto,PH,13.7796,124.39,80.67,82,92,3.65,light rain
293,Chichimila,MX,20.6167,-88.2167,87.85,54,100,5.48,overcast clouds
294,Isangel,VU,-19.55,169.2667,74.12,89,100,7.85,light rain
295,Verkhnevilyuysk,RU,63.4453,120.3167,55.83,70,100,5.37,overcast clouds
296,Taksimo,RU,56.3444,114.8794,62.6,63,100,0.13,overcast clouds
297,Lakatoro,VU,-16.0999,167.4164,78.15,80,100,5.46,overcast clouds
298,Erzin,TR,36.9559,36.2,74.34,85,0,4.56,clear sky
299,Tessalit,ML,20.1986,1.0114,88.52,30,100,11.68,light rain
300,Kitami,JP,43.8031,143.8908,60.12,94,100,4.41,overcast clouds
301,Biloela,AU,-24.4167,150.5,48.88,84,0,7.16,clear sky
302,Kaitangata,NZ,-46.2817,169.8464,45.91,92,100,8.55,overcast clouds
303,Trairi,BR,-3.2778,-39.2689,80.8,75,96,11.05,overcast clouds
304,Provideniya,RU,64.3833,-173.3,54.19,47,12,3.85,few clouds
305,Balikpapan,ID,-1.2675,116.8289,74.28,93,100,1.66,overcast clouds
306,Hemsedal,NO,60.8629,8.5534,51.31,50,24,12.24,few clouds
307,Shache,CN,38.4167,77.2406,67.05,56,100,9.28,overcast clouds
308,Najran,SA,17.4924,44.1277,82.44,13,100,2.21,overcast clouds
309,Ketchikan,US,55.3422,-131.6461,61.27,63,40,5.75,scattered clouds
310,Havelock,US,34.8791,-76.9013,89.98,57,0,3.0,clear sky
311,Bathsheba,BB,13.2167,-59.5167,86.61,66,40,19.57,scattered clouds
312,Benguela,AO,-12.5763,13.4055,67.39,84,81,6.6,broken clouds
313,Lexington,US,37.9887,-84.4777,78.12,38,0,11.5,clear sky
314,Manaus,BR,-3.1019,-60.025,90.1,66,40,6.91,scattered clouds
315,Port Shepstone,ZA,-30.7414,30.455,63.66,60,100,9.57,overcast clouds
316,Bethel,US,41.3712,-73.414,67.35,64,100,14.97,overcast clouds
317,Kaduna,NG,10.5222,7.4383,79.14,60,100,2.3,overcast clouds
318,Port Augusta,AU,-32.5,137.7667,53.76,58,100,9.78,overcast clouds
319,Nuqui,CO,5.7125,-77.2708,80.64,81,100,6.46,light rain
320,Pueblo Nuevo Solistahuacan,MX,17.1,-92.8833,65.91,86,100,4.68,overcast clouds
321,Verkhnyaya Inta,RU,65.9811,60.3094,58.17,79,54,5.26,broken clouds
322,Los Arabos,CU,22.7281,-80.7214,90.27,47,78,3.58,broken clouds
323,Vila Franca Do Campo,PT,37.7167,-25.4333,66.61,74,0,13.09,clear sky
324,Omsukchan,RU,62.5333,155.8,52.75,63,100,4.68,overcast clouds
325,Clyde River,CA,70.4692,-68.5914,37.96,86,10,8.86,clear sky
326,Polson,US,47.6936,-114.1632,69.22,64,99,2.77,overcast clouds
327,Flinders,AU,-34.5833,150.8552,52.38,81,27,10.76,scattered clouds
328,Axim,GH,4.8699,-2.2405,74.88,88,100,1.83,overcast clouds
329,Lisakovsk,KZ,52.5369,62.4936,63.37,91,100,4.09,overcast clouds
330,Irbit,RU,57.6705,63.071,59.13,95,100,2.3,overcast clouds
331,Vao,NC,-22.6667,167.4833,74.48,82,100,14.99,heavy intensity rain
332,Kalmunai,LK,7.4167,81.8167,80.08,82,100,10.42,overcast clouds
333,Faya,SA,18.3851,42.4509,72.12,30,100,2.86,overcast clouds
334,Ukiah,US,39.1502,-123.2078,68.38,44,0,8.05,clear sky
335,Petropavlovsk-Kamchatskiy,RU,53.0452,158.6483,52.39,100,75,2.24,broken clouds
336,Srednekolymsk,RU,67.45,153.6833,48.25,59,6,2.37,clear sky
337,Gamba,GA,-2.65,10.0,71.6,83,82,7.07,broken clouds
338,Providencia,MX,28.7167,-111.5833,99.21,40,5,13.98,clear sky
339,Suining,CN,30.508,105.5733,73.78,77,97,1.63,overcast clouds
340,Tuy Hoa,VN,13.0833,109.3,79.18,80,31,5.55,scattered clouds
341,Vanavara,RU,60.34,102.2797,57.76,92,100,1.43,light rain
342,Bezhanitsy,RU,56.9767,29.8907,57.09,92,100,7.7,overcast clouds
343,Siparia,TT,10.1333,-61.5,87.82,72,9,3.0,clear sky
344,Mahajanga,MG,-15.7167,46.3167,75.2,75,54,7.49,light rain
345,Fez,MA,34.0372,-4.9998,88.05,42,40,6.91,scattered clouds
346,Port Hawkesbury,CA,45.6169,-61.3485,72.91,83,27,11.01,scattered clouds
347,Berlevag,NO,70.8578,29.0864,42.8,87,100,10.36,overcast clouds
348,Bengbu,CN,32.9408,117.3608,81.21,64,97,4.25,overcast clouds
349,Anadyr,RU,64.75,177.4833,50.0,71,100,4.0,overcast clouds
350,Katangli,RU,51.7102,143.2326,44.49,92,100,11.95,overcast clouds
351,Bubaque,GW,11.2833,-15.8333,76.5,81,100,10.18,light rain
352,Port Lavaca,US,28.615,-96.6261,100.31,56,0,11.5,clear sky
353,Collierville,US,35.042,-89.6645,92.89,55,75,11.5,broken clouds
354,Bintulu,MY,3.1667,113.0333,75.16,95,100,4.0,overcast clouds
355,Lerwick,GB,60.1545,-1.1494,50.0,93,100,27.49,moderate rain
356,Sungairaya,ID,0.7,108.9,77.31,90,100,4.34,overcast clouds
357,Ilo,PE,-17.6394,-71.3375,67.06,73,100,9.22,overcast clouds
358,Klyuchi,RU,52.2667,79.1667,65.46,64,95,3.67,overcast clouds
359,Debar,MK,41.525,20.5275,69.75,78,5,6.22,clear sky
360,Matay,EG,28.419,30.7792,85.93,22,0,17.6,clear sky
361,Batamshinskiy,KZ,50.5594,58.2747,62.2,84,47,8.7,scattered clouds
362,Tete,MZ,-16.1564,33.5867,69.89,64,0,6.91,clear sky
363,Robstown,US,27.7903,-97.6689,97.14,58,75,16.11,broken clouds
364,Fallon,US,39.4735,-118.7774,63.45,23,0,0.0,clear sky
365,Raymond,US,43.9015,-70.4703,61.52,65,98,11.61,overcast clouds
366,Tanete,ID,-3.9443,119.7848,73.06,99,100,2.33,overcast clouds
367,Luis Correia,BR,-2.8792,-41.6669,87.8,70,20,11.5,few clouds
368,Yorosso,ML,12.3536,-4.7761,73.0,83,100,5.06,moderate rain
369,Mzimba,MW,-11.9,33.6,55.15,62,7,6.67,clear sky
370,Atikokan,CA,48.7555,-91.6216,75.33,23,49,9.64,scattered clouds
371,Haines Junction,CA,60.7522,-137.5108,64.29,39,79,5.21,broken clouds
372,Ust-Tsilma,RU,65.441,52.1498,57.69,74,81,3.33,broken clouds
373,Lovozero,RU,68.005,35.0117,37.99,98,100,5.93,overcast clouds
374,Shimoda,JP,34.6667,138.95,67.1,90,100,5.03,moderate rain
375,Hovd,MN,48.0056,91.6419,62.26,32,3,3.65,clear sky
376,Faanui,PF,-16.4833,-151.75,79.56,76,11,19.8,light rain
377,Loandjili,CG,-4.7561,11.8578,72.16,80,100,8.5,overcast clouds
378,Almaznyy,RU,48.0448,40.045,65.41,54,91,2.93,overcast clouds
379,Tucuman,AR,-26.8241,-65.2226,69.8,30,100,1.14,overcast clouds
380,Toyo,PH,10.7333,125.0167,77.18,93,94,0.38,overcast clouds
381,North Bend,US,43.4065,-124.2243,62.24,78,75,5.75,broken clouds
382,Ambilobe,MG,-13.2,49.05,69.6,88,1,2.77,clear sky
383,Necochea,AR,-38.5473,-58.7368,51.87,42,95,14.88,overcast clouds
384,Manokwari,ID,-0.8667,134.0833,78.55,73,99,1.79,overcast clouds
385,Bayji,IQ,34.9311,43.487,99.54,13,0,5.35,clear sky
386,Tura,IN,25.5198,90.2201,72.55,98,95,5.3,overcast clouds
387,Cap-Chat,CA,49.1001,-66.6821,51.35,89,100,16.13,overcast clouds
388,Nokaneng,BW,-19.6667,22.2667,60.76,28,0,3.09,clear sky
389,Sobolevo,RU,54.4299,31.8996,56.7,83,100,6.26,overcast clouds
390,Fort Nelson,CA,58.8053,-122.7002,66.99,52,100,2.95,light rain
391,Ngunguru,NZ,-35.6167,174.5,56.98,92,22,5.17,few clouds
392,Oranjemund,NA,-28.55,16.4333,56.07,86,1,6.17,clear sky
393,Fukue,JP,32.6881,128.8419,72.63,95,41,7.31,scattered clouds
394,Cabedelo,BR,-6.9811,-34.8339,83.07,78,74,8.97,broken clouds
395,Linares,CL,-35.85,-71.6,54.32,54,100,5.68,overcast clouds
396,Carbonear,CA,47.7332,-53.2148,62.74,77,100,20.2,overcast clouds
397,Sola,VU,-13.8833,167.55,79.05,75,58,7.0,broken clouds
398,Solnechnyy,RU,50.7214,136.6319,52.32,98,100,5.26,overcast clouds
399,Mitsamiouli,KM,-11.3847,43.2844,77.18,69,38,16.44,scattered clouds
400,Valera,VE,9.3178,-70.6036,86.86,57,100,4.12,overcast clouds
401,Lavrentiya,RU,65.5833,-171.0,51.17,50,11,4.54,few clouds
402,Aguimes,ES,27.9054,-15.4461,72.66,68,20,32.21,few clouds
403,Ciudad Bolivar,VE,8.1222,-63.5497,85.33,61,100,5.73,overcast clouds
404,Gat,IL,31.61,34.7642,77.81,100,0,6.2,clear sky
405,Muravlenko,RU,63.7898,74.523,61.57,50,100,7.34,overcast clouds
406,Shelburne,CA,44.0787,-80.2041,59.23,41,0,20.31,clear sky
407,Naze,JP,28.3667,129.4833,73.83,90,100,6.91,overcast clouds
408,Ipixuna,BR,-1.7625,-48.8043,83.5,66,100,2.37,overcast clouds
409,Carnarvon,AU,-24.8667,113.6333,67.35,63,100,13.82,overcast clouds
410,Mecca,SA,21.4267,39.8261,92.48,36,19,3.62,few clouds
411,Nanortalik,GL,60.1432,-45.2371,47.8,72,100,13.78,light rain
412,Lasa,IT,46.6166,10.7002,69.96,81,10,3.15,clear sky
413,Palana,RU,59.1167,159.9667,39.96,96,100,10.02,overcast clouds
414,Biltine,TD,14.5333,20.9167,95.13,23,100,5.3,overcast clouds
415,Pulandian,CN,39.3953,121.9669,66.83,96,36,7.16,scattered clouds
416,Ylojarvi,FI,61.5563,23.5961,58.91,95,75,6.91,broken clouds
417,Kingisepp,RU,59.3733,28.6134,55.54,98,100,9.33,overcast clouds
418,Banda Aceh,ID,5.5577,95.3222,79.05,81,87,3.91,overcast clouds
419,Pringsewu,ID,-5.3582,104.9744,72.32,97,36,1.12,scattered clouds
420,Ascension,US,30.2169,-90.9001,98.06,56,40,4.61,scattered clouds
421,Matara,LK,5.9485,80.5353,77.65,89,100,5.32,overcast clouds
422,Kahului,US,20.8947,-156.47,84.22,60,40,19.57,scattered clouds
423,Coffs Harbour,AU,-30.3,153.1333,58.96,72,49,9.22,scattered clouds
424,Brae,GB,60.3964,-1.353,50.4,94,100,22.17,moderate rain
425,Kipushi,CD,-11.7667,27.2333,58.86,53,99,3.98,overcast clouds
426,Fortuna,US,40.5982,-124.1573,65.93,60,40,12.66,scattered clouds
427,Chilca,PE,-12.5211,-76.7372,63.77,73,6,5.46,clear sky
428,Puerto Lopez,CO,4.0845,-72.956,81.59,77,56,9.55,moderate rain
429,Gomel,BY,52.4345,30.9754,63.84,64,100,5.57,overcast clouds
430,Panlaitan,PH,12.1191,119.8486,83.32,73,60,2.1,broken clouds
431,Delfzijl,NL,53.33,6.9181,62.11,73,80,4.0,broken clouds
432,Nakhon Phanom,TH,17.3333,104.4167,78.73,75,40,2.33,scattered clouds
433,Maputo,MZ,-25.9653,32.5892,69.48,75,20,10.36,few clouds
434,Upata,VE,8.0086,-62.3989,83.19,55,59,6.24,broken clouds
435,Mayo,US,38.8876,-76.5119,76.33,55,100,18.41,overcast clouds
436,Elizabeth City,US,36.2946,-76.2511,87.82,48,40,14.97,scattered clouds
437,Sokolo,ML,14.7328,-6.1219,76.91,72,100,12.3,overcast clouds
438,Ormara,PK,25.2088,64.6357,82.98,88,27,12.19,scattered clouds
439,Abashiri,JP,44.0213,144.2697,60.94,92,100,6.85,overcast clouds
440,Qax,AZ,41.4225,46.9242,65.39,68,31,4.92,scattered clouds
441,Serafimovskiy,RU,54.4241,53.7964,55.94,88,94,3.18,overcast clouds
442,Sorong,ID,-0.8833,131.25,76.78,87,100,5.53,overcast clouds
443,Tondi,IN,9.7333,79.0167,82.85,78,100,17.13,overcast clouds
444,Narsaq,GL,60.9167,-46.05,59.22,65,100,3.8,overcast clouds
445,Yar-Sale,RU,66.8333,70.8333,62.62,51,100,13.67,overcast clouds
446,Mizan Teferi,ET,6.9833,35.5833,60.06,97,99,2.53,light rain
447,Lorengau,PG,-2.0226,147.2712,79.9,74,10,10.51,clear sky
448,Tahta,EG,26.7693,31.5021,89.13,24,0,12.57,clear sky
449,Point Pedro,LK,9.8167,80.2333,81.54,80,100,14.74,light rain
450,Dumai,ID,1.6833,101.45,73.65,98,88,3.18,light rain
451,Wilmington,US,34.2257,-77.9447,96.01,41,75,12.66,broken clouds
452,Bandarbeyla,SO,9.4942,50.8122,77.94,71,98,28.9,overcast clouds
453,Outjo,NA,-20.1167,16.15,62.65,33,0,6.8,clear sky
454,Roebourne,AU,-20.7833,117.1333,72.73,64,100,7.94,overcast clouds
455,Nouadhibou,MR,20.931,-17.0347,67.71,88,49,18.52,light rain
456,Saint George,US,37.1041,-113.5841,92.62,11,0,19.57,clear sky
457,Danshui,CN,22.7984,114.4672,78.76,90,100,4.0,overcast clouds
458,Barhi,IN,23.9,80.8,79.14,76,100,7.18,moderate rain
459,Hamilton,US,39.1834,-84.5333,78.22,38,0,16.11,clear sky
460,Macapa,BR,0.0389,-51.0664,84.18,74,75,4.61,light rain
461,Abu Dhabi,AE,24.4667,54.3667,91.51,71,0,5.75,clear sky
462,Chingirlau,KZ,51.095,54.0814,66.7,63,89,7.72,overcast clouds
463,Uyuni,BO,-20.4597,-66.825,45.95,10,0,16.42,clear sky
464,Kenora,CA,49.8167,-94.4337,76.03,31,100,13.87,overcast clouds
465,Jasper,US,37.2001,-94.3502,95.99,52,40,3.44,scattered clouds
466,Puri,IN,19.8,85.85,82.92,82,100,7.83,overcast clouds
467,Santa Maria,BR,-29.6842,-53.8069,51.3,57,0,4.88,clear sky
468,Novaya Igirma,RU,57.1334,103.9112,55.94,97,100,6.08,light rain
469,Rio Gallegos,AR,-51.6226,-69.2181,34.39,58,100,21.39,overcast clouds
470,Maragogi,BR,-9.0122,-35.2225,78.87,78,10,6.44,clear sky
471,Henties Bay,NA,-22.116,14.2845,56.59,94,3,9.42,clear sky
472,Sioux Falls,US,43.55,-96.7003,93.06,45,0,18.41,clear sky
473,Nanakuli,US,21.3906,-158.1547,84.15,51,0,11.5,clear sky
474,Northfield,US,44.4583,-93.1616,82.35,41,0,13.8,clear sky
475,Waingapu,ID,-9.6567,120.2641,76.32,86,97,8.77,overcast clouds
476,Carballo,ES,43.213,-8.691,67.69,75,99,3.69,overcast clouds
477,Ayagoz,KZ,47.9714,80.4392,57.7,76,91,1.19,overcast clouds
478,Ballina,AU,-28.8667,153.5667,58.01,83,77,8.66,broken clouds
479,Nazareno,MX,25.3833,-103.4167,86.31,20,0,9.01,clear sky
480,Toora-Khem,RU,52.4675,96.11,48.65,82,23,0.34,few clouds
481,Jizan,SA,17.3333,42.6667,92.03,52,100,5.19,overcast clouds
482,Harper,LR,4.375,-7.7169,77.81,71,25,7.63,scattered clouds
483,Pandan,PH,14.0453,124.1694,80.19,84,61,5.93,broken clouds
484,Madang,PG,-5.2246,145.7966,76.33,88,100,2.33,overcast clouds
485,Vigrestad,NO,58.5667,5.7,56.59,70,100,13.82,overcast clouds
486,Cleethorpes,GB,53.5605,-0.0323,53.96,85,100,10.4,heavy intensity rain
487,Ornskoldsvik,SE,63.2909,18.7153,54.01,68,50,12.24,scattered clouds
488,Sao Joao Da Barra,BR,-21.6403,-41.0511,80.69,55,0,14.83,clear sky
489,Takoradi,GH,4.8845,-1.7554,74.61,85,100,1.5,overcast clouds
490,Soltvadkert,HU,46.5789,19.3939,73.81,48,6,4.97,clear sky
491,Karasjok,NO,69.4719,25.5112,47.44,68,100,9.89,overcast clouds
492,Mount Isa,AU,-20.7333,139.5,62.37,55,6,6.91,clear sky
493,Severnyy,RU,50.677,36.5532,62.64,77,0,2.24,clear sky
494,Faro,PT,37.0194,-7.9322,74.17,78,0,24.16,clear sky
495,San Cristobal,VE,7.7669,-72.225,80.78,53,19,7.96,few clouds
496,Almeria,ES,37.1667,-2.3333,82.44,27,0,6.62,clear sky
497,Vanimo,PG,-2.6741,141.3028,76.62,88,100,5.06,overcast clouds
498,Teya,RU,60.3778,92.6267,54.46,96,100,0.96,overcast clouds
499,Takaka,NZ,-40.85,172.8,52.56,86,100,5.48,overcast clouds
500,Honiara,SB,-9.4333,159.95,76.17,84,65,4.85,broken clouds
501,Brenham,US,30.1669,-96.3977,98.06,45,40,6.91,scattered clouds
502,Ostersund,SE,63.1792,14.6357,49.6,81,40,10.36,scattered clouds
503,Tshikapa,CD,-6.4167,20.8,75.27,32,100,0.72,overcast clouds
504,Aluksne,LV,57.4167,27.05,56.07,82,100,9.86,overcast clouds
505,Sarakhs,IR,36.5449,61.1577,86.22,17,0,4.65,clear sky
506,Amahai,ID,-3.3333,128.9167,77.09,87,29,3.18,scattered clouds
507,Antofagasta,CL,-23.65,-70.4,60.08,69,63,5.57,broken clouds
508,Jacqueville,CI,5.2052,-4.4146,79.34,76,100,6.62,overcast clouds
509,Joniskis,LT,56.2403,23.6153,65.32,85,7,10.6,clear sky
510,Cayenne,GF,4.9333,-52.3333,84.24,13,40,12.66,scattered clouds
511,Znamenskoye,RU,57.1281,73.8282,56.32,95,70,1.88,broken clouds
512,Solwezi,ZM,-12.1688,26.3894,57.29,62,75,3.6,broken clouds
513,Mbuji-Mayi,CD,-6.15,23.6,79.25,34,53,3.31,broken clouds
514,Tiznit,MA,29.5833,-9.5,79.66,47,47,5.03,scattered clouds
515,Barbacena,BR,-21.2258,-43.7736,69.6,55,87,11.32,overcast clouds
516,Kabare,CD,-2.4683,28.8242,60.13,92,67,0.85,broken clouds
517,Bhabua,IN,25.05,83.6167,86.79,56,29,15.08,scattered clouds
518,Sumbe,AO,-11.2061,13.8437,69.01,84,83,8.97,broken clouds
519,Mokobeng,BW,-22.9965,27.6678,60.55,38,0,3.85,clear sky
520,Hofn,IS,64.2539,-15.2082,54.88,50,7,21.9,clear sky
521,Coihaique,CL,-45.5752,-72.0662,45.21,53,40,6.91,scattered clouds
522,Kiunga,PG,-6.1219,141.2906,73.87,99,95,2.19,overcast clouds
523,Peachland,CA,49.7665,-119.7357,76.68,43,63,1.99,broken clouds
524,Vila Velha,BR,-20.3297,-40.2925,84.15,58,0,8.05,clear sky
525,Komsomolskiy,UZ,40.4272,71.7189,77.58,35,100,3.96,overcast clouds
526,Ottawa,CA,45.4112,-75.6981,62.67,55,3,5.01,clear sky
527,Labuhan,ID,-6.8844,112.2051,77.86,86,100,5.41,light rain
528,Jiuquan,CN,39.7432,98.5174,65.88,47,100,19.15,light rain
529,Burnie,AU,-41.0667,145.9167,48.88,86,40,10.18,scattered clouds
530,Slavjanovo,BG,43.4667,24.8667,67.17,56,59,5.57,broken clouds
531,Alto Piquiri,BR,-24.0281,-53.4406,60.04,61,0,6.93,clear sky
532,Inhambane,MZ,-23.865,35.3833,67.48,73,0,10.65,clear sky
533,Camacha,PT,33.0833,-16.3333,67.42,83,40,12.66,scattered clouds
534,Pacific Grove,US,36.6177,-121.9166,71.02,64,0,13.8,clear sky
535,Basoko,CD,1.2391,23.616,70.39,95,100,0.56,overcast clouds
536,Plesetsk,RU,62.708,40.2916,48.15,90,98,3.4,overcast clouds
537,Zvishavane,ZW,-20.3267,30.0665,60.08,51,0,3.38,clear sky
538,Maniitsoq,GL,65.4167,-52.9,37.76,91,98,6.13,overcast clouds
539,Analipsis,GR,35.3167,25.5667,77.11,75,0,14.5,clear sky
540,Kumbo,CM,6.2,10.6667,59.31,96,100,1.72,light rain
541,Seymour,US,38.9592,-85.8903,78.1,42,0,4.0,clear sky
542,Fryanovo,RU,56.1333,38.45,54.59,77,100,1.57,overcast clouds
543,Kungurtug,RU,50.5994,97.5228,45.59,84,0,1.72,clear sky
544,Baghmara,IN,23.795,86.2085,83.3,65,100,9.13,overcast clouds
545,Mandalgovi,MN,45.7625,106.2708,65.53,62,100,15.26,overcast clouds
546,Marfino,RU,55.7028,37.3822,64.54,55,0,4.47,clear sky
547,Xiongyue,CN,40.1774,122.1228,66.78,91,10,2.71,clear sky
548,Coahuayana,MX,18.7333,-103.6833,87.4,54,91,4.21,overcast clouds
549,Gavle,SE,60.6745,17.1417,62.38,65,64,3.0,broken clouds
550,Dosso,NE,13.049,3.1937,90.48,39,72,5.88,broken clouds
551,Jvari,GE,42.7169,42.052,64.26,91,16,2.82,few clouds
552,Turtas,RU,58.9417,69.1325,58.15,75,54,3.38,broken clouds
553,Ngemplak,ID,-7.5497,110.7164,73.8,93,69,2.04,broken clouds
554,Mwaya,TZ,-9.55,33.95,68.05,73,9,2.01,clear sky
555,Aleksandrov Gay,RU,50.147,48.5704,66.76,52,98,6.64,overcast clouds
556,Polunochnoye,RU,60.8697,60.4153,57.88,87,100,2.26,overcast clouds
557,Eskil,TR,38.4017,33.4131,74.32,42,0,8.57,clear sky
558,Itarema,BR,-2.9248,-39.9167,81.43,76,100,12.46,overcast clouds
559,Nome,US,64.5011,-165.4064,64.11,58,0,5.75,clear sky
560,Letnyaya Stavka,RU,45.4306,43.4472,70.54,59,65,6.62,broken clouds
561,Otane,NZ,-39.8833,176.6333,49.01,95,100,5.41,light rain
562,Shatrovo,RU,56.5167,64.6333,62.6,92,100,3.09,moderate rain
563,Caraballeda,VE,10.6112,-66.8522,90.37,57,40,6.91,scattered clouds
564,Richards Bay,ZA,-28.783,32.0377,65.23,65,0,12.5,clear sky
565,Port-Gentil,GA,-0.7193,8.7815,75.16,83,20,6.91,few clouds
566,Barabash,RU,43.2,131.4833,60.37,87,87,2.8,overcast clouds
567,Muli,MV,2.9167,73.5667,83.32,73,83,10.78,broken clouds
568,Tambopata,PE,-12.7333,-69.1833,78.69,65,20,8.05,few clouds
569,Puerto Del Rosario,ES,28.5004,-13.8627,71.35,83,20,18.41,few clouds
570,Berlin,DE,52.5244,13.4105,86.99,48,0,8.99,clear sky
571,Umm Lajj,SA,25.0213,37.2685,88.05,50,0,7.34,clear sky
572,Bunbury,AU,-33.3333,115.6333,59.49,72,81,21.21,broken clouds
573,Nurota,UZ,40.5614,65.6886,82.2,15,0,5.41,clear sky
574,Lugovoy,KZ,42.9472,72.7644,68.4,39,0,7.85,clear sky
575,Lokosovo,RU,61.1333,74.8167,56.75,67,100,4.88,overcast clouds
576,Kirkland Lake,CA,48.1446,-80.0377,61.63,29,0,15.68,clear sky
577,Bay Saint Louis,US,30.3088,-89.33,100.06,47,40,8.05,scattered clouds
578,Kabompo,ZM,-13.5927,24.2008,60.01,51,8,4.81,clear sky
579,Pires Do Rio,BR,-17.2997,-48.2794,80.62,38,8,6.71,clear sky
580,Humaita,BR,-7.5061,-63.0208,92.28,30,84,3.87,broken clouds
581,San Rafael Del Sur,NI,11.8485,-86.4384,82.6,71,100,8.66,overcast clouds
582,Catalao,BR,-18.1658,-47.9464,78.49,42,77,3.78,broken clouds
583,Pietarsaari,FI,63.65,22.6833,57.0,96,100,7.07,overcast clouds
584,Sinjar,IQ,36.3209,41.8754,94.82,16,0,2.42,clear sky
585,Asau,RO,46.4333,26.4,61.29,77,4,4.7,clear sky
586,Artyom,AZ,40.4723,50.333,71.74,72,0,14.72,clear sky
587,Urubicha,BO,-15.3833,-62.95,79.29,46,30,3.62,scattered clouds
588,Pokhara,NP,28.2333,83.9833,72.1,84,64,1.59,broken clouds
589,Qiongshan,CN,20.0058,110.3542,82.38,83,0,6.71,clear sky
590,Segezha,RU,63.7415,34.3222,51.53,80,99,6.33,overcast clouds
591,Auki,SB,-8.7676,160.7034,76.03,87,64,3.98,broken clouds
592,Husavik,IS,66.0449,-17.3389,48.0,67,89,10.31,overcast clouds
593,Broome,US,42.2506,-75.833,59.54,69,100,12.66,overcast clouds
594,Aasiaat,GL,68.7098,-52.8699,34.52,80,22,14.2,few clouds
595,Buin,CL,-33.7333,-70.75,62.92,26,100,1.7,overcast clouds
596,Sarangani,PH,5.4033,125.4636,83.3,69,100,1.01,overcast clouds
597,Ejido,VE,8.5514,-71.2375,77.11,71,100,4.25,overcast clouds
598,Pacocha,PE,-17.5833,-71.3333,66.34,73,100,9.22,overcast clouds
599,Buenos Aires,AR,-34.6132,-58.3772,63.0,33,0,9.22,clear sky
600,Grindavik,IS,63.8424,-22.4338,51.75,87,75,13.8,broken clouds
601,Moose Factory,CA,51.2585,-80.6094,51.8,62,75,10.36,broken clouds
602,Beringovskiy,RU,63.05,179.3167,49.1,73,100,8.61,overcast clouds
603,Sayat,TM,38.7839,63.8803,82.27,15,0,9.19,clear sky
604,Laguna,US,38.421,-121.4238,75.31,43,0,3.44,clear sky
605,Almas,RO,46.2833,22.2333,62.8,69,12,2.46,few clouds
606,Changping,CN,40.2186,116.2197,71.24,70,37,3.24,scattered clouds
607,Luanda,AO,-8.8368,13.2343,70.57,80,100,14.29,overcast clouds
608,Muroto,JP,33.2833,134.15,72.28,90,100,6.51,overcast clouds
609,Nushki,PK,29.5542,66.0215,86.05,12,0,6.76,clear sky
610,Dovbysh,UA,50.3733,27.9874,58.06,84,40,6.53,scattered clouds
611,Mombetsu,JP,44.3525,143.3525,57.81,94,100,5.86,overcast clouds
612,Diamantino,BR,-14.4086,-56.4461,82.6,52,100,5.97,overcast clouds
613,Skibbereen,IE,51.55,-9.2667,58.1,64,100,13.11,overcast clouds
614,Pierre,US,44.3683,-100.351,97.86,32,0,23.02,clear sky
615,Angoram,PG,-4.0625,144.0661,72.37,99,96,1.9,overcast clouds
616,Sept-Iles,CA,50.2001,-66.3821,48.51,75,100,19.71,overcast clouds
617,Javier,PH,8.4889,126.085,72.82,99,29,1.23,scattered clouds
618,Pangnirtung,CA,66.1451,-65.7125,44.6,70,20,13.8,few clouds
619,Ratnagiri,IN,16.9833,73.3,81.57,82,43,5.68,scattered clouds
620,Yerbogachen,RU,61.2767,108.0108,60.22,55,100,5.73,overcast clouds
621,Krasnoselkup,RU,65.7,82.4667,54.77,56,83,8.55,broken clouds
622,Villefranche-Sur-Saone,FR,45.9833,4.7167,90.54,34,0,1.01,clear sky
623,Zhezkazgan,KZ,47.8043,67.7144,76.98,28,99,5.08,overcast clouds
624,Lucea,JM,18.451,-78.1736,84.85,75,100,5.14,overcast clouds
625,Puerto Carreno,CO,6.189,-67.4859,79.14,76,100,5.44,overcast clouds
626,Flin Flon,CA,54.7682,-101.865,73.24,46,75,10.36,broken clouds
627,Nokha,IN,27.6,73.4167,84.92,58,47,13.87,scattered clouds
628,Sao Felix Do Xingu,BR,-6.6447,-51.995,90.57,37,3,3.96,clear sky
629,Dingle,PH,10.9995,122.6711,77.65,88,57,2.06,heavy intensity rain
630,Sambava,MG,-14.2667,50.1667,72.09,88,40,10.13,light rain
631,Tecoanapa,MX,16.5167,-98.75,84.58,64,24,9.95,few clouds
632,Benito Juarez,MX,19.385,-99.165,73.0,43,20,9.22,few clouds
633,Sol-Iletsk,RU,51.1631,54.9918,62.91,76,6,8.34,clear sky
634,Bonga,ET,7.2833,36.2333,59.14,99,71,2.01,light rain
635,Bogorodskoye,RU,56.55,37.8833,54.79,77,100,3.13,overcast clouds
636,Buala,SB,-8.145,159.5921,79.29,80,99,4.9,overcast clouds
637,Narbonne,FR,43.0833,2.8333,79.02,60,3,9.66,clear sky
638,Chiradzulu,MW,-15.6746,35.1407,54.95,85,0,3.0,clear sky
639,Lithakia,GR,37.7167,20.8333,74.57,83,20,0.0,few clouds
640,Murashi,RU,59.3999,48.9615,53.65,80,94,3.67,overcast clouds
641,Calafell,ES,41.2,1.5683,88.41,76,0,7.4,clear sky
642,Nantucket,US,41.2835,-70.0995,69.94,59,100,8.05,overcast clouds
643,Phuket,TH,8.0,98.25,87.13,89,20,2.3,few clouds
644,Banyo,CM,6.75,11.8167,63.68,93,100,2.8,overcast clouds
645,Maamba,ZM,-17.3667,27.15,61.11,68,0,3.11,clear sky
646,Ostrovnoy,RU,68.0531,39.5131,40.15,96,100,9.46,overcast clouds
647,Zyryanka,RU,65.75,150.85,48.96,74,5,1.3,clear sky
648,Lindi,TZ,-10.0,39.7167,68.81,82,17,4.36,few clouds
649,Baruun-Urt,MN,46.6806,113.2792,68.9,45,51,8.57,broken clouds
650,Denpasar,ID,-8.65,115.2167,79.39,81,100,9.44,overcast clouds
651,Kemerovo,RU,55.3333,86.0833,58.69,94,40,7.0,scattered clouds
652,Kamsack,CA,51.5667,-101.9009,75.99,77,100,18.16,overcast clouds
653,Mersing,MY,2.4312,103.8405,75.11,94,20,3.44,few clouds
654,Thanatpin,MM,17.2119,96.3033,78.98,89,96,4.54,overcast clouds
655,Belmonte,BR,-15.8631,-38.8828,76.64,66,0,8.46,clear sky
656,Arman,RU,59.7,150.1667,43.63,94,100,5.03,overcast clouds
657,Chimbote,PE,-9.0853,-78.5783,67.86,66,7,12.35,clear sky
658,Kaliganj,BD,23.4095,89.1402,78.24,86,99,9.06,overcast clouds
659,Morondava,MG,-20.2833,44.2833,71.38,69,0,11.1,clear sky
660,Matagami,CA,49.7502,-77.6328,51.91,50,20,18.41,few clouds
661,Acarau,BR,-2.8856,-40.12,81.97,75,100,12.44,overcast clouds
662,Zabaykalsk,RU,49.6333,117.3167,63.16,61,100,5.61,overcast clouds
663,Naron,ES,43.5167,-8.1528,70.03,84,36,6.38,scattered clouds
664,Kose,TR,40.21,39.6511,56.39,93,2,5.41,clear sky
665,Mehran,IR,33.1222,46.1646,101.52,8,0,12.46,clear sky
666,Saint-Pierre,RE,-21.3393,55.4781,67.91,77,75,8.05,broken clouds
667,Vermillion,US,42.7794,-96.9292,95.16,43,0,17.96,clear sky
668,Half Moon Bay,US,37.4636,-122.4286,73.89,58,0,19.57,clear sky
669,Omboue,GA,-1.5746,9.2618,72.91,81,68,7.74,broken clouds
670,Garner,US,35.7113,-78.6142,89.38,42,0,1.99,clear sky
671,Hammerfest,NO,70.6634,23.6821,54.05,58,40,12.66,scattered clouds
672,Kopavogur,IS,64.1123,-21.913,57.85,71,20,13.8,few clouds
673,Likhoslavl,RU,57.1275,35.464,56.82,74,100,4.09,overcast clouds
674,Grahamstown,ZA,-33.3042,26.5328,53.26,78,100,5.03,overcast clouds
675,Hays,US,30.0502,-98.0336,98.31,38,0,3.0,clear sky
676,Mezofalva,HU,46.9318,18.7718,66.92,48,6,2.42,clear sky
677,Manono,CD,-7.3,27.4167,75.99,39,12,5.64,few clouds
678,Marshfield,US,44.6689,-90.1718,72.48,37,0,10.36,clear sky
679,Luwingu,ZM,-10.2621,29.9271,56.43,53,27,2.01,scattered clouds
680,Trelew,AR,-43.249,-65.3051,50.92,40,100,14.52,overcast clouds
681,Manadhoo,MV,5.7667,73.3833,82.06,76,93,12.24,overcast clouds
682,Kawasaki,JP,35.5206,139.7172,71.11,97,20,4.61,few clouds
683,Tsiroanomandidy,MG,-18.7667,46.0333,66.72,58,98,1.12,overcast clouds
684,Tubara,CO,10.8744,-74.9789,80.91,75,38,9.4,scattered clouds
685,Carpinteria,US,34.3989,-119.5185,80.29,60,0,8.72,clear sky
686,Imbituba,BR,-28.24,-48.6703,61.86,69,0,10.0,clear sky
687,Do Gonbadan,IR,30.3586,50.7981,87.89,15,0,0.0,clear sky
688,Maunabo,PR,18.0072,-65.8993,91.47,77,89,10.0,overcast clouds
689,Noshiro,JP,40.2039,140.0242,62.35,84,44,4.74,scattered clouds
690,Suhbaatar,MN,50.2314,106.2078,59.38,81,100,9.82,overcast clouds
691,Saint Andrews,US,34.0454,-81.1293,96.3,39,40,9.22,scattered clouds
692,Ozernovskiy,RU,51.5,156.5167,47.55,96,100,2.24,light rain
693,Brandfort,ZA,-28.7001,26.4597,44.01,38,99,7.45,overcast clouds
694,Qui Nhon,VN,13.7667,109.2333,80.92,77,7,4.85,clear sky
695,Pimentel,PE,-6.8367,-79.9342,71.89,56,0,21.85,clear sky
696,General Pico,AR,-35.6566,-63.7568,63.27,21,5,6.76,clear sky
697,Zhanakorgan,KZ,43.9098,67.2495,87.31,13,100,9.08,overcast clouds
698,Boone,US,39.0334,-92.3335,90.81,60,0,11.27,clear sky
699,Shingu,JP,33.7333,135.9833,68.14,94,100,3.85,overcast clouds
700,Fairbanks,US,64.8378,-147.7164,70.48,56,0,8.05,smoke
701,Teruel,ES,40.6667,-0.6667,74.12,32,0,15.9,clear sky
702,Pemangkat,ID,1.1667,108.9667,76.62,90,100,4.99,overcast clouds
703,Hami,CN,42.8,93.45,72.23,31,5,7.49,clear sky
704,Sassandra,CI,4.95,-6.0833,77.09,77,83,5.3,broken clouds
705,Turiacu,BR,-1.6633,-45.3717,80.56,78,81,5.93,broken clouds
706,Chimoio,MZ,-19.1164,33.4833,58.86,88,0,2.24,clear sky
707,Korhogo,CI,9.45,-5.6333,73.31,77,92,5.59,overcast clouds
708,Contamana,PE,-7.3333,-75.0167,85.82,59,67,4.29,broken clouds
709,Joshimath,IN,30.5667,79.5667,63.27,84,99,0.96,overcast clouds
710,Labuan,MY,5.2767,115.2417,75.56,94,20,1.14,few clouds
711,Mahibadhoo,MV,3.7833,72.9667,82.81,75,100,11.12,overcast clouds
712,Vanderhoof,CA,54.0166,-124.0198,61.2,62,100,6.44,overcast clouds
